{
  "classes": {
    "phishing": {
      "subscription": -5.2548878086207,
      "that": -5.948034989180646,
      "__URL__": -3.4631283393926457,
      "ve": -5.2548878086207,
      "hi": -5.948034989180646,
      "avoid": -5.2548878086207,
      "sam": -5.948034989180646,
      "celebrate": -5.948034989180646,
      "immediately": -4.8494227005125365,
      "tomorrow": -5.948034989180646,
      "friday": -5.948034989180646,
      "groceries": -5.948034989180646,
      "some": -5.948034989180646,
      "offer": -5.2548878086207,
      "password": -4.8494227005125365,
      "still": -5.948034989180646,
      "your": -3.3830856317191094,
      "customer": -5.2548878086207,
      "restore": -5.2548878086207,
      "know": -5.948034989180646,
      "update": -4.561740628060756,
      "am": -5.948034989180646,
      "crazy": -5.948034989180646,
      "identity": -5.2548878086207,
      "1000": -5.2548878086207,
      "http": -3.4631283393926457,
      "ticket": -5.2548878086207,
      "activity": -5.2548878086207,
      "temporarily": -5.2548878086207,
      "you": -4.338597076746546,
      "now": -5.2548878086207,
      "id": -4.8494227005125365,
      "receipt": -5.948034989180646,
      "billing": -5.2548878086207,
      "amazon": -4.8494227005125365,
      "limited": -5.2548878086207,
      "records": -5.948034989180646,
      "birthday": -5.948034989180646,
      "dear": -5.2548878086207,
      "gift": -4.8494227005125365,
      "review": -5.948034989180646,
      "auth": -5.2548878086207,
      "we": -4.8494227005125365,
      "could": -5.2548878086207,
      "usps": -5.2548878086207,
      "unpaid": -5.2548878086207,
      "detected": -5.2548878086207,
      "wasn": -5.2548878086207,
      "did": -5.948034989180646,
      "please": -5.2548878086207,
      "unrecognized": -5.2548878086207,
      "apple": -4.8494227005125365,
      "lunch": -5.948034989180646,
      "pending": -5.2548878086207,
      "doctor": -5.948034989180646,
      "claim": -4.338597076746546,
      "action": -5.2548878086207,
      "alert": -5.2548878086207,
      "noticed": -5.2548878086207,
      "night": -5.948034989180646,
      "bank": -4.8494227005125365,
      "game": -5.948034989180646,
      "hours": -5.2548878086207,
      "payment": -4.8494227005125365,
      "notes": -5.948034989180646,
      "from": -5.2548878086207,
      "log": -5.2548878086207,
      "appointment": -5.948034989180646,
      "pay": -5.2548878086207,
      "weekend": -5.948034989180646,
      "365": -5.2548878086207,
      "click": -4.561740628060756,
      "prize": -5.2548878086207,
      "project": -5.948034989180646,
      "notice": -5.2548878086207,
      "let": -5.948034989180646,
      "not": -5.2548878086207,
      "com": -3.86859344750081,
      "up": -5.948034989180646,
      "walmart": -5.2548878086207,
      "account": -4.338597076746546,
      "email": -5.948034989180646,
      "secure": -4.8494227005125365,
      "gov": -5.2548878086207,
      "keep": -5.2548878086207,
      "will": -5.948034989180646,
      "attached": -5.948034989180646,
      "delivery": -5.2548878086207,
      "walm": -5.2548878086207,
      "ll": -5.948034989180646,
      "24": -5.2548878086207,
      "free": -4.8494227005125365,
      "process": -5.948034989180646,
      "voicemail": -4.8494227005125365,
      "time": -5.2548878086207,
      "required": -5.2548878086207,
      "10": -5.948034989180646,
      "court": -5.2548878086207,
      "locked": -5.2548878086207,
      "details": -4.8494227005125365,
      "15": -5.2548878086207,
      "ending": -5.948034989180646,
      "watch": -5.948034989180646,
      "out": -5.948034989180646,
      "be": -5.2548878086207,
      "me": -5.948034989180646,
      "org": -5.2548878086207,
      "expiring": -5.2548878086207,
      "any": -5.948034989180646,
      "chase": -5.2548878086207,
      "won": -5.2548878086207,
      "1": -5.2548878086207,
      "order": -5.948034989180646,
      "way": -5.948034989180646,
      "today": -5.948034989180646,
      "s": -5.948034989180646,
      "continue": -5.2548878086207,
      "invoice": -5.948034989180646,
      "have": -4.8494227005125365,
      "can": -5.948034989180646,
      "listen": -4.8494227005125365,
      "due": -4.8494227005125365,
      "discuss": -5.948034989180646,
      "if": -5.2548878086207,
      "security": -4.8494227005125365,
      "been": -4.8494227005125365,
      "watching": -5.2548878086207,
      "italian": -5.948034989180646,
      "traffic": -4.8494227005125365,
      "milk": -5.948034989180646,
      "happy": -5.948034989180646,
      "eggs": -5.948034989180646,
      "gateway": -5.2548878086207,
      "unathorized": -5.2548878086207,
      "restricted": -5.2548878086207,
      "by": -5.948034989180646,
      "meeting": -5.948034989180646,
      "issue": -5.2548878086207,
      "meet": -5.948034989180646,
      "verify": -4.338597076746546,
      "here": -4.338597076746546,
      "microsoft": -5.2548878086207,
      "card": -5.2548878086207,
      "4928": -5.948034989180646,
      "warrant": -5.2548878086207,
      "suspicious": -5.2548878086207,
      "home": -5.948034989180646,
      "access": -4.8494227005125365,
      "address": -5.2548878086207,
      "current": -5.2548878086207,
      "team": -5.948034989180646,
      "thanks": -5.948034989180646,
      "sprint": -5.948034989180646,
      "new": -5.2548878086207,
      "questions": -5.948034989180646,
      "package": -5.2548878086207,
      "has": -4.561740628060756,
      "incorrect": -5.2548878086207,
      "office": -5.2548878086207,
      "t": -5.2548878086207,
      "are": -5.948034989180646,
      "paypal": -4.8494227005125365,
      "pick": -5.948034989180646,
      "attempt": -5.2548878086207,
      "login": -4.156275519952591,
      "cover": -5.948034989180646,
      "net": -4.561740628060756,
      "netflix": -4.8494227005125365,
      "last": -5.948034989180646,
      "was": -5.948034989180646,
      "delivered": -5.2548878086207,
      "device": -5.2548878086207,
      "need": -5.948034989180646,
      "iphone": -4.8494227005125365,
      "congratulations": -5.2548878086207,
      "final": -5.2548878086207,
      "urgent": -5.2548878086207,
      "expired": -5.2548878086207,
      "office365": -5.2548878086207,
      "restaurant": -5.948034989180646,
      "i": -5.948034989180646,
      "__UNKNOWN__": -5.948034989180646
    },
    "legitimate": {
      "subscription": -5.605802066295998,
      "that": -4.912654885736052,
      "__URL__": -5.605802066295998,
      "ve": -5.605802066295998,
      "hi": -4.912654885736052,
      "avoid": -5.605802066295998,
      "sam": -4.912654885736052,
      "celebrate": -4.912654885736052,
      "immediately": -5.605802066295998,
      "tomorrow": -4.912654885736052,
      "friday": -4.912654885736052,
      "groceries": -4.912654885736052,
      "some": -4.912654885736052,
      "offer": -5.605802066295998,
      "password": -5.605802066295998,
      "still": -4.912654885736052,
      "your": -3.996364153861897,
      "customer": -5.605802066295998,
      "restore": -5.605802066295998,
      "know": -4.912654885736052,
      "update": -5.605802066295998,
      "am": -4.912654885736052,
      "crazy": -4.912654885736052,
      "identity": -5.605802066295998,
      "1000": -5.605802066295998,
      "http": -5.605802066295998,
      "ticket": -5.605802066295998,
      "activity": -5.605802066295998,
      "temporarily": -5.605802066295998,
      "you": -4.219507705176107,
      "now": -5.605802066295998,
      "id": -5.605802066295998,
      "receipt": -4.912654885736052,
      "billing": -5.605802066295998,
      "amazon": -5.605802066295998,
      "limited": -5.605802066295998,
      "records": -4.912654885736052,
      "birthday": -4.912654885736052,
      "dear": -5.605802066295998,
      "gift": -5.605802066295998,
      "review": -4.912654885736052,
      "auth": -5.605802066295998,
      "we": -4.507189777627888,
      "could": -5.605802066295998,
      "usps": -5.605802066295998,